<refentry id="refclass.suppress">
<refmeta>
<refentrytitle>refclass.suppress</refentrytitle>
<refmiscinfo role="type">boolean</refmiscinfo>
</refmeta>
<refnamediv>
<refname>refclass.suppress</refname>
<refpurpose>Suppress display of refclass contents?</refpurpose>
</refnamediv>

<refsynopsisdiv>
<src:fragment id='refclass.suppress.frag'>
<xsl:param name="refclass.suppress" select="0"/></src:fragment>
</refsynopsisdiv>

<refsect1><title>Description</title>

<para>If the value of <parameter>refclass.suppress</parameter> is
non-zero, then display of <sgmltag>refclass</sgmltag> contents is
suppressed in output.</para>

</refsect1>
</refentry>
