<refentry id="revhistory.table.cell.properties">
<refmeta>
<refentrytitle>revhistory.table.cell.properties</refentrytitle>
<refmiscinfo role="type">attribute set</refmiscinfo>
</refmeta>
<refnamediv>
<refname>revhistory.table.cell.properties</refname>
<refpurpose>The properties of table cells used for formatting revhistory</refpurpose>
</refnamediv>

<refsynopsisdiv>
<src:fragment id='revhistory.table.cell.properties.frag'>
<xsl:attribute-set name="revhistory.table.cell.properties">
</xsl:attribute-set>
</src:fragment>
</refsynopsisdiv>

<refsect1><title>Description</title>

<para>This property set defines appearance of individual cells in revhistory table.</para>

</refsect1>
</refentry>
