<refentry id="revhistory.title.properties">
<refmeta>
<refentrytitle>revhistory.title.properties</refentrytitle>
<refmiscinfo role="type">attribute set</refmiscinfo>
</refmeta>
<refnamediv>
<refname>revhistory.title.properties</refname>
<refpurpose>The properties of revhistory title</refpurpose>
</refnamediv>

<refsynopsisdiv>
<src:fragment id='revhistory.title.properties.frag'>
<xsl:attribute-set name="revhistory.title.properties">
</xsl:attribute-set>
</src:fragment>
</refsynopsisdiv>

<refsect1><title>Description</title>

<para>This property set defines appearance of revhistory title.</para>

</refsect1>
</refentry>
