<refentry id="revhistory.table.properties">
<refmeta>
<refentrytitle>revhistory.table.properties</refentrytitle>
<refmiscinfo role="type">attribute set</refmiscinfo>
</refmeta>
<refnamediv>
<refname>revhistory.table.properties</refname>
<refpurpose>The properties of table used for formatting revhistory</refpurpose>
</refnamediv>

<refsynopsisdiv>
<src:fragment id='revhistory.table.properties.frag'>
<xsl:attribute-set name="revhistory.table.properties">
</xsl:attribute-set>
</src:fragment>
</refsynopsisdiv>

<refsect1><title>Description</title>

<para>This property set defines appearance of revhistory table.</para>

</refsect1>
</refentry>
